,AP,migration,yn,share
0,AR1,7,264,2.6515151515151514
1,AR2,105,5801,1.810032752973625
2,AR3,264,16750,1.5761194029850747
3,AR4,757,40141,1.88585237039436
4,AR5,2271,101654,2.234048832313534
5,AR6,2538,124708,2.035154120024377
